Model,Creator,Intelligence Index,Blended Price USD/1M,Input USD/1M,Output USD/1M,Median Tokens/s,Context Window,OpenRouter ID,Open Weights,License
G9v3-39A5B,,21.8,0.0000,0,0,,131072,,True,
Gemma 4 31B (Reasoning),,19.0,0.0000,0,0,35.5,256000,,True,
Ling 3.0 Tiny,,15.3,0.0000,0,0,42.4,262144,,True,
Apriel-v1.6-15B-Thinker,,13.4,0.0000,0,0,,128000,,True,
Command A+,,13.1,0.0000,0,0,211.9,192000,,True,
G9v3-3B,,10.8,0.0000,0,0,,131072,,True,
North Mini Code,,9.9,0.0000,0,0,82.1,256000,,True,
LFM2.5-2.6B,,8.4,0.0000,0,0,,128000,,True,
Olmo 3.1 32B Think,,7.1,0.0000,0,0,,65500,,True,
Phi-4 Mini Instruct,,6.3,0.0000,0,0,44.1,128000,,True,
Phi-4 Multimodal Instruct,,5.8,0.0000,0,0,,128000,,True,
Tiny Aya Global,,4.8,0.0000,0,0,,8192,,True,
